{"cameraMode":{"drawMode":0,"name":"Shaded","section":"Shading Mode"},"sceneLighting":false,"audioPlay":false,"sceneViewState":{"showFog":true,"showMaterialUpdate":false,"showSkybox":false,"showFlares":true,"showImageEffects":true,"showParticleSystems":true},"in2DMode":false,"pivot":{"x":-0.36246824264526369,"y":0.9839820861816406,"z":-22.069202423095704},"rotation":{"x":-0.15221071243286134,"y":-0.8477675914764404,"z":0.3559349477291107,"w":-0.362536758184433},"size":74.59197998046875,"orthographic":true}