{"cameraMode":{"drawMode":0,"name":"Shaded","section":"Shading Mode"},"sceneLighting":true,"audioPlay":false,"sceneViewState":{"showFog":true,"showMaterialUpdate":false,"showSkybox":true,"showFlares":true,"showImageEffects":true,"showParticleSystems":true},"in2DMode":false,"pivot":{"x":176.22439575195313,"y":46.614585876464847,"z":0.0},"rotation":{"x":0.04883192107081413,"y":-0.1610947996377945,"z":0.007980708964169026,"w":0.9856978058815002},"size":920.2974243164063,"orthographic":true}