{"cameraMode":{"drawMode":0,"name":"Shaded","section":"Shading Mode"},"sceneLighting":true,"audioPlay":false,"sceneViewState":{"showFog":true,"showMaterialUpdate":false,"showSkybox":true,"showFlares":true,"showImageEffects":true,"showParticleSystems":true},"in2DMode":false,"pivot":{"x":440.06292724609377,"y":421.9744873046875,"z":0.0},"rotation":{"x":0.08350273221731186,"y":0.09700236469507218,"z":-0.008167415857315064,"w":0.9917414784431458},"size":139.54457092285157,"orthographic":true}